{
    "Casablanca": {
        "Casablanca": 0,
        "Tanger": 343.9619,
        "Marrakech": 242.8244,
        "Sale": 96.5192,
        "Fez": 298.4966,
        "Meknes": 242.4891,
        "Rabat": 92.3797,
        "Oujda": 612.2102,
        "Kenitra": 143.42170000000002,
        "Agadir": 462.27320000000003,
        "Tetouan": 391.1469,
        "Temara": 80.9109,
        "Safi": 243.0781,
        "Mohammedia": 29.186,
        "Khouribga": 123.24810000000001,
        "El Jadida": 101.638,
        "Beni Mellal": 220.8293,
        "Ait Melloul": 458.7437,
        "Nador": 608.1955,
        "Dar Bouazza": 22.7935
    },
    "Fez": {
        "Casablanca": null,
        "Fez": 0,
        "Tanger": 403.2797,
        "Marrakech": 535.3845,
        "Sale": 199.6217,
        "Meknes": 68.8191,
        "Rabat": 201.4614,
        "Oujda": 327.7662,
        "Kenitra": 202.0576,
        "Agadir": 754.8333,
        "Tetouan": 251.7037,
        "Temara": 216.73860000000002,
        "Safi": 539.071,
        "Mohammedia": 272.3596,
        "Khouribga": 415.8082,
        "El Jadida": 397.631,
        "Beni Mellal": 301.0318,
        "Ait Melloul": 751.3038,
        "Nador": 323.7515,
        "Dar Bouazza": 330.5729
    },
    "Tanger": {
        "Casablanca": null,
        "Fez": null,
        "Tanger": 0,
        "Marrakech": 579.8818,
        "Sale": 244.7155,
        "Meknes": 347.676,
        "Rabat": 246.5552,
        "Oujda": 717.3971,
        "Kenitra": 200.14370000000002,
        "Agadir": 799.3306,
        "Tetouan": 57.1784,
        "Temara": 261.2359,
        "Safi": 583.5683,
        "Mohammedia": 316.8569,
        "Khouribga": 460.3055,
        "El Jadida": 442.1282,
        "Beni Mellal": 557.8866999999999,
        "Ait Melloul": 795.801,
        "Nador": 413.0591,
        "Dar Bouazza": 375.07009999999997
    },
    "Marrakech": {
        "Casablanca": null,
        "Fez": null,
        "Tanger": null,
        "Marrakech": 0,
        "Sale": 331.2892,
        "Meknes": 477.2591,
        "Rabat": 327.1497,
        "Oujda": 846.9802,
        "Kenitra": 378.1917,
        "Agadir": 246.6171,
        "Tetouan": 625.917,
        "Temara": 315.6809,
        "Safi": 156.2995,
        "Mohammedia": 263.956,
        "Khouribga": 286.8172,
        "El Jadida": 196.1742,
        "Beni Mellal": 194.2979,
        "Ait Melloul": 243.0876,
        "Nador": 842.9656,
        "Dar Bouazza": 255.57160000000002
    },
    "Sale": {
        "Casablanca": null,
        "Fez": null,
        "Tanger": null,
        "Marrakech": null,
        "Sale": 0,
        "Meknes": 143.80020000000002,
        "Rabat": 4.548,
        "Oujda": 513.5213,
        "Kenitra": 45.3203,
        "Agadir": 552.523,
        "Tetouan": 293.0456,
        "Temara": 20.1382,
        "Safi": 336.7607,
        "Mohammedia": 70.0493,
        "Khouribga": 213.4979,
        "El Jadida": 195.3206,
        "Beni Mellal": 311.0791,
        "Ait Melloul": 548.9935,
        "Nador": 509.5066,
        "Dar Bouazza": 128.2626
    },
    "Meknes": {
        "Casablanca": null,
        "Fez": null,
        "Tanger": null,
        "Marrakech": null,
        "Sale": null,
        "Meknes": 0,
        "Rabat": 145.79510000000002,
        "Oujda": 382.2319,
        "Kenitra": 146.3913,
        "Agadir": 699.167,
        "Tetouan": 394.7985,
        "Temara": 161.0724,
        "Safi": 483.40479999999997,
        "Mohammedia": 216.6933,
        "Khouribga": 360.1419,
        "El Jadida": 341.9647,
        "Beni Mellal": 250.3919,
        "Ait Melloul": 695.6375,
        "Nador": 378.21729999999997,
        "Dar Bouazza": 274.90659999999997
    },
    "Rabat": {
        "Casablanca": null,
        "Fez": null,
        "Tanger": null,
        "Marrakech": null,
        "Sale": null,
        "Meknes": null,
        "Rabat": 0,
        "Oujda": 514.758,
        "Kenitra": 46.557,
        "Agadir": 549.2796,
        "Tetouan": 294.28229999999996,
        "Temara": 16.8948,
        "Safi": 333.5173,
        "Mohammedia": 66.8059,
        "Khouribga": 210.2545,
        "El Jadida": 192.0772,
        "Beni Mellal": 307.83570000000003,
        "Ait Melloul": 545.7501,
        "Nador": 510.7433,
        "Dar Bouazza": 125.01910000000001
    },
    "Oujda": {
        "Casablanca": null,
        "Fez": null,
        "Tanger": null,
        "Marrakech": null,
        "Sale": null,
        "Meknes": null,
        "Rabat": null,
        "Oujda": 0,
        "Kenitra": 516.1142,
        "Agadir": 1068.8899,
        "Tetouan": 486.9171,
        "Temara": 530.7953,
        "Safi": 853.1277,
        "Mohammedia": 586.4162,
        "Khouribga": 729.8649,
        "El Jadida": 711.6876,
        "Beni Mellal": 589.298,
        "Ait Melloul": 1065.3603999999998,
        "Nador": 126.77980000000001,
        "Dar Bouazza": 644.6295
    },
    "Kenitra": {
        "Casablanca": null,
        "Fez": null,
        "Tanger": null,
        "Marrakech": null,
        "Sale": null,
        "Meknes": null,
        "Rabat": null,
        "Oujda": null,
        "Kenitra": 0,
        "Agadir": 599.1087,
        "Tetouan": 248.5496,
        "Temara": 61.014,
        "Safi": 383.3464,
        "Mohammedia": 116.635,
        "Khouribga": 260.0836,
        "El Jadida": 241.9063,
        "Beni Mellal": 357.6648,
        "Ait Melloul": 595.5791999999999,
        "Nador": 512.3589000000001,
        "Dar Bouazza": 174.84820000000002
    },
    "Agadir": {
        "Casablanca": null,
        "Fez": null,
        "Tanger": null,
        "Marrakech": null,
        "Sale": null,
        "Meknes": null,
        "Rabat": null,
        "Oujda": null,
        "Kenitra": null,
        "Agadir": 0,
        "Tetouan": 845.7689,
        "Temara": 535.5329,
        "Safi": 290.0172,
        "Mohammedia": 483.808,
        "Khouribga": 506.66909999999996,
        "El Jadida": 410.5423,
        "Beni Mellal": 436.5983,
        "Ait Melloul": 14.3777,
        "Nador": 1062.8175,
        "Dar Bouazza": 475.4235
    },
    "Tetouan": {
        "Casablanca": null,
        "Fez": null,
        "Tanger": null,
        "Marrakech": null,
        "Sale": null,
        "Meknes": null,
        "Rabat": null,
        "Oujda": null,
        "Kenitra": null,
        "Agadir": null,
        "Tetouan": 0,
        "Temara": 308.8726,
        "Safi": 631.205,
        "Mohammedia": 364.4935,
        "Khouribga": 507.9421,
        "El Jadida": 489.7649,
        "Beni Mellal": 605.5234,
        "Ait Melloul": 843.4377,
        "Nador": 356.9599,
        "Dar Bouazza": 422.7068
    },
    "Temara": {
        "Casablanca": null,
        "Fez": null,
        "Tanger": null,
        "Marrakech": null,
        "Sale": null,
        "Meknes": null,
        "Rabat": null,
        "Oujda": null,
        "Kenitra": null,
        "Agadir": null,
        "Tetouan": null,
        "Temara": 0,
        "Safi": 320.8823,
        "Mohammedia": 54.1708,
        "Khouribga": 197.6195,
        "El Jadida": 179.4422,
        "Beni Mellal": 295.2007,
        "Ait Melloul": 533.115,
        "Nador": 525.2568,
        "Dar Bouazza": 112.3841
    },
    "Safi": {
        "Casablanca": null,
        "Fez": null,
        "Tanger": null,
        "Marrakech": null,
        "Sale": null,
        "Meknes": null,
        "Rabat": null,
        "Oujda": null,
        "Kenitra": null,
        "Agadir": null,
        "Tetouan": null,
        "Temara": null,
        "Safi": 0,
        "Mohammedia": 268.26529999999997,
        "Khouribga": 344.0258,
        "El Jadida": 148.8631,
        "Beni Mellal": 441.607,
        "Ait Melloul": 287.0053,
        "Nador": 847.2748,
        "Dar Bouazza": 227.5023
    },
    "Mohammedia": {
        "Casablanca": null,
        "Fez": null,
        "Tanger": null,
        "Marrakech": null,
        "Sale": null,
        "Meknes": null,
        "Rabat": null,
        "Oujda": null,
        "Kenitra": null,
        "Agadir": null,
        "Tetouan": null,
        "Temara": null,
        "Safi": null,